Year,Indicator Name,Value
2021,Forest area (sq. km),724264
2020,Forest area (sq. km),721600
2019,Forest area (sq. km),718936
2018,Forest area (sq. km),716272
2017,Forest area (sq. km),713608
2016,Forest area (sq. km),710944
2015,Forest area (sq. km),708280
2014,Forest area (sq. km),705616
2013,Forest area (sq. km),702952
2012,Forest area (sq. km),700288
2011,Forest area (sq. km),697624
2010,Forest area (sq. km),694960
2009,Forest area (sq. km),693055
2008,Forest area (sq. km),691150
2007,Forest area (sq. km),689245
2006,Forest area (sq. km),687340
2005,Forest area (sq. km),685435
2004,Forest area (sq. km),683530
2003,Forest area (sq. km),681625
2002,Forest area (sq. km),679720
2001,Forest area (sq. km),677815
2000,Forest area (sq. km),675910
1999,Forest area (sq. km),672257
1998,Forest area (sq. km),668604
1997,Forest area (sq. km),664951
1996,Forest area (sq. km),661298
1995,Forest area (sq. km),657645
1994,Forest area (sq. km),653992
1993,Forest area (sq. km),650339
1992,Forest area (sq. km),646686
1991,Forest area (sq. km),643033
1990,Forest area (sq. km),639380
2021,Agricultural irrigated land (% of total agricultural land),42.26577835
2020,Agricultural irrigated land (% of total agricultural land),42.2658231
2019,Agricultural irrigated land (% of total agricultural land),39.96421599
2018,Agricultural irrigated land (% of total agricultural land),38.789308
2017,Agricultural irrigated land (% of total agricultural land),38.30101211
2016,Agricultural irrigated land (% of total agricultural land),37.47675105
2015,Agricultural irrigated land (% of total agricultural land),38.05927369
2014,Agricultural irrigated land (% of total agricultural land),37.89949257
2013,Agricultural irrigated land (% of total agricultural land),36.78560696
2012,Agricultural irrigated land (% of total agricultural land),36.32947752
2011,Agricultural irrigated land (% of total agricultural land),35.39878666
2010,Agricultural irrigated land (% of total agricultural land),34.49237914
2009,Agricultural irrigated land (% of total agricultural land),35.34164871
2008,Agricultural irrigated land (% of total agricultural land),34.65011098
2007,Agricultural irrigated land (% of total agricultural land),34.93207883
2006,Agricultural irrigated land (% of total agricultural land),33.81654864
2005,Agricultural irrigated land (% of total agricultural land),32.86921377
2004,Agricultural irrigated land (% of total agricultural land),31.63298683
2003,Agricultural irrigated land (% of total agricultural land),30.7335963
2002,Agricultural irrigated land (% of total agricultural land),31.53300842
2001,Agricultural irrigated land (% of total agricultural land),32.20730579
2022,Cereal yield (kg per hectare),3566.6
2021,Cereal yield (kg per hectare),3497.9
2020,Cereal yield (kg per hectare),3383.4
2019,Cereal yield (kg per hectare),3416.1
2018,Cereal yield (kg per hectare),3278.1
2017,Cereal yield (kg per hectare),3127.7
2016,Cereal yield (kg per hectare),2995.1
2015,Cereal yield (kg per hectare),2854
2014,Cereal yield (kg per hectare),2966.4
2013,Cereal yield (kg per hectare),2977.5
2012,Cereal yield (kg per hectare),2963.5
2011,Cereal yield (kg per hectare),2860.7
2010,Cereal yield (kg per hectare),2676.4
2009,Cereal yield (kg per hectare),2580.8
2008,Cereal yield (kg per hectare),2637.9
2007,Cereal yield (kg per hectare),2583.3
2006,Cereal yield (kg per hectare),2446.5
2005,Cereal yield (kg per hectare),2411.6
2004,Cereal yield (kg per hectare),2350
2003,Cereal yield (kg per hectare),2399.4
2002,Cereal yield (kg per hectare),2187.3
2001,Cereal yield (kg per hectare),2423.1
2000,Cereal yield (kg per hectare),2294.2
1999,Cereal yield (kg per hectare),2313.7
1998,Cereal yield (kg per hectare),2248.4
1997,Cereal yield (kg per hectare),2228.6
1996,Cereal yield (kg per hectare),2181
1995,Cereal yield (kg per hectare),2111.7
1994,Cereal yield (kg per hectare),2115.5
1993,Cereal yield (kg per hectare),2084.9
1992,Cereal yield (kg per hectare),2024.8
1991,Cereal yield (kg per hectare),1926.3
1990,Cereal yield (kg per hectare),1891.2
1989,Cereal yield (kg per hectare),1916.4
1988,Cereal yield (kg per hectare),1775.8
1987,Cereal yield (kg per hectare),1583.7
1986,Cereal yield (kg per hectare),1585.4
1985,Cereal yield (kg per hectare),1592.2
1984,Cereal yield (kg per hectare),1563.8
1983,Cereal yield (kg per hectare),1564.4
1982,Cereal yield (kg per hectare),1346.4
1981,Cereal yield (kg per hectare),1398.8
1980,Cereal yield (kg per hectare),1350
1979,Cereal yield (kg per hectare),1222.3
1978,Cereal yield (kg per hectare),1370.2
1977,Cereal yield (kg per hectare),1331.1
1976,Cereal yield (kg per hectare),1198.7
1975,Cereal yield (kg per hectare),1260.8
1974,Cereal yield (kg per hectare),1074.5
1973,Cereal yield (kg per hectare),1152.8
1972,Cereal yield (kg per hectare),1107.8
1971,Cereal yield (kg per hectare),1136.1
1970,Cereal yield (kg per hectare),1134.8
1969,Cereal yield (kg per hectare),1053.7
1968,Cereal yield (kg per hectare),1036.6
1967,Cereal yield (kg per hectare),993.7
1966,Cereal yield (kg per hectare),864.2
1965,Cereal yield (kg per hectare),854.4
1964,Cereal yield (kg per hectare),993.6
1963,Cereal yield (kg per hectare),965.8
1962,Cereal yield (kg per hectare),929.7
1961,Cereal yield (kg per hectare),947.3
2021,Access to electricity (% of population),99.57252502
2020,Access to electricity (% of population),96.5
2019,Access to electricity (% of population),95.88594055
2018,Access to electricity (% of population),95.7
2017,Access to electricity (% of population),91.79415894
2016,Access to electricity (% of population),89.58630371
2015,Access to electricity (% of population),88
2014,Access to electricity (% of population),85.13391113
2013,Access to electricity (% of population),83.13139343
2012,Access to electricity (% of population),79.9
2011,Access to electricity (% of population),79.51678467
2010,Access to electricity (% of population),76.3
2009,Access to electricity (% of population),75
2008,Access to electricity (% of population),74.11849213
2007,Access to electricity (% of population),72.3407135
2006,Access to electricity (% of population),67.9
2005,Access to electricity (% of population),68.8404541
2004,Access to electricity (% of population),64.4
2003,Access to electricity (% of population),65.41201019
2002,Access to electricity (% of population),62.3
2001,Access to electricity (% of population),62.00543976
2000,Access to electricity (% of population),60.29283905
1999,Access to electricity (% of population),60.1
1998,Access to electricity (% of population),56.18213272
1997,Access to electricity (% of population),54.59486389
1996,Access to electricity (% of population),53.00352097
1995,Access to electricity (% of population),51.40877533
1994,Access to electricity (% of population),49.81130981
1993,Access to electricity (% of population),50.9
2014,CO2 intensity (kg per kg of oil equivalent energy use),2.590952711
2013,CO2 intensity (kg per kg of oil equivalent energy use),2.534788993
2012,CO2 intensity (kg per kg of oil equivalent energy use),2.516576537
2011,CO2 intensity (kg per kg of oil equivalent energy use),2.436555663
2010,CO2 intensity (kg per kg of oil equivalent energy use),2.402218969
2009,CO2 intensity (kg per kg of oil equivalent energy use),2.365071783
2008,CO2 intensity (kg per kg of oil equivalent energy use),2.364434229
2007,CO2 intensity (kg per kg of oil equivalent energy use),2.327803863
2006,CO2 intensity (kg per kg of oil equivalent energy use),2.235044585
2005,CO2 intensity (kg per kg of oil equivalent energy use),2.204257098
2004,CO2 intensity (kg per kg of oil equivalent energy use),2.1888314
2003,CO2 intensity (kg per kg of oil equivalent energy use),2.15407555
2002,CO2 intensity (kg per kg of oil equivalent energy use),2.144090358
2001,CO2 intensity (kg per kg of oil equivalent energy use),2.132931139
2000,CO2 intensity (kg per kg of oil equivalent energy use),2.132408305
1999,CO2 intensity (kg per kg of oil equivalent energy use),2.098848725
1998,CO2 intensity (kg per kg of oil equivalent energy use),2.062033115
1997,CO2 intensity (kg per kg of oil equivalent energy use),2.065390954
1996,CO2 intensity (kg per kg of oil equivalent energy use),2.030326945
1995,CO2 intensity (kg per kg of oil equivalent energy use),1.996504627
1994,CO2 intensity (kg per kg of oil equivalent energy use),1.959793381
1993,CO2 intensity (kg per kg of oil equivalent energy use),1.930086788
1992,CO2 intensity (kg per kg of oil equivalent energy use),1.909012865
1991,CO2 intensity (kg per kg of oil equivalent energy use),1.906807617
1990,CO2 intensity (kg per kg of oil equivalent energy use),1.839893386
1989,CO2 intensity (kg per kg of oil equivalent energy use),1.975301272
1988,CO2 intensity (kg per kg of oil equivalent energy use),1.884630109
1987,CO2 intensity (kg per kg of oil equivalent energy use),1.839983674
1986,CO2 intensity (kg per kg of oil equivalent energy use),1.789321556
1985,CO2 intensity (kg per kg of oil equivalent energy use),1.727470145
1984,CO2 intensity (kg per kg of oil equivalent energy use),1.653665731
1983,CO2 intensity (kg per kg of oil equivalent energy use),1.680322869
1982,CO2 intensity (kg per kg of oil equivalent energy use),1.601866107
1981,CO2 intensity (kg per kg of oil equivalent energy use),1.61245188
1980,CO2 intensity (kg per kg of oil equivalent energy use),1.569963127
1979,CO2 intensity (kg per kg of oil equivalent energy use),1.522355844
1978,CO2 intensity (kg per kg of oil equivalent energy use),1.51804988
1977,CO2 intensity (kg per kg of oil equivalent energy use),1.517035884
1976,CO2 intensity (kg per kg of oil equivalent energy use),1.475129512
1975,CO2 intensity (kg per kg of oil equivalent energy use),1.466979682
1974,CO2 intensity (kg per kg of oil equivalent energy use),1.397304983
1973,CO2 intensity (kg per kg of oil equivalent energy use),1.404279931
1972,CO2 intensity (kg per kg of oil equivalent energy use),1.402495027
1971,CO2 intensity (kg per kg of oil equivalent energy use),1.356024117
2016,CO2 emissions from gaseous fuel consumption (kt),95829.711
2015,CO2 emissions from gaseous fuel consumption (kt),98994.332
2014,CO2 emissions from gaseous fuel consumption (kt),92694.426
2013,CO2 emissions from gaseous fuel consumption (kt),101883.928
2012,CO2 emissions from gaseous fuel consumption (kt),78151.104
2011,CO2 emissions from gaseous fuel consumption (kt),91443.979
2010,CO2 emissions from gaseous fuel consumption (kt),100318.119
2009,CO2 emissions from gaseous fuel consumption (kt),91245.961
2008,CO2 emissions from gaseous fuel consumption (kt),63098.069
2007,CO2 emissions from gaseous fuel consumption (kt),52738.794
2006,CO2 emissions from gaseous fuel consumption (kt),49482.498
2005,CO2 emissions from gaseous fuel consumption (kt),50479.922
2004,CO2 emissions from gaseous fuel consumption (kt),49625.511
2003,CO2 emissions from gaseous fuel consumption (kt),50028.881
2002,CO2 emissions from gaseous fuel consumption (kt),47172.288
2001,CO2 emissions from gaseous fuel consumption (kt),43604.297
2000,CO2 emissions from gaseous fuel consumption (kt),43908.658
1999,CO2 emissions from gaseous fuel consumption (kt),42350.183
1998,CO2 emissions from gaseous fuel consumption (kt),47634.33
1997,CO2 emissions from gaseous fuel consumption (kt),46061.187
1996,CO2 emissions from gaseous fuel consumption (kt),39779.616
1995,CO2 emissions from gaseous fuel consumption (kt),39082.886
1994,CO2 emissions from gaseous fuel consumption (kt),29024.305
1993,CO2 emissions from gaseous fuel consumption (kt),27018.456
1992,CO2 emissions from gaseous fuel consumption (kt),27278.813
1991,CO2 emissions from gaseous fuel consumption (kt),23582.477
1990,CO2 emissions from gaseous fuel consumption (kt),21114.586
1989,CO2 emissions from gaseous fuel consumption (kt),18533.018
1988,CO2 emissions from gaseous fuel consumption (kt),15218.05
1987,CO2 emissions from gaseous fuel consumption (kt),12786.829
1986,CO2 emissions from gaseous fuel consumption (kt),10318.938
1985,CO2 emissions from gaseous fuel consumption (kt),7205.655
1984,CO2 emissions from gaseous fuel consumption (kt),6175.228
1983,CO2 emissions from gaseous fuel consumption (kt),5247.477
1982,CO2 emissions from gaseous fuel consumption (kt),4363.73
1981,CO2 emissions from gaseous fuel consumption (kt),2885.929
1980,CO2 emissions from gaseous fuel consumption (kt),2489.893
1979,CO2 emissions from gaseous fuel consumption (kt),3032.609
1978,CO2 emissions from gaseous fuel consumption (kt),2742.916
1977,CO2 emissions from gaseous fuel consumption (kt),2482.559
1976,CO2 emissions from gaseous fuel consumption (kt),2295.542
1975,CO2 emissions from gaseous fuel consumption (kt),1734.491
1974,CO2 emissions from gaseous fuel consumption (kt),1360.457
1973,CO2 emissions from gaseous fuel consumption (kt),1169.773
1972,CO2 emissions from gaseous fuel consumption (kt),1206.443
1971,CO2 emissions from gaseous fuel consumption (kt),1085.432
1970,CO2 emissions from gaseous fuel consumption (kt),924.084
1969,CO2 emissions from gaseous fuel consumption (kt),997.424
1968,CO2 emissions from gaseous fuel consumption (kt),751.735
1967,CO2 emissions from gaseous fuel consumption (kt),487.711
1966,CO2 emissions from gaseous fuel consumption (kt),311.695
1965,CO2 emissions from gaseous fuel consumption (kt),282.359
1964,CO2 emissions from gaseous fuel consumption (kt),22.002
1963,CO2 emissions from gaseous fuel consumption (kt),11.001
1962,CO2 emissions from gaseous fuel consumption (kt),11.001
1961,CO2 emissions from gaseous fuel consumption (kt),3.667
1960,CO2 emissions from gaseous fuel consumption (kt),0
2020,CO2 emissions (kt),2200836.3
2019,CO2 emissions (kt),2423951.4
2018,CO2 emissions (kt),2458175.9
2017,CO2 emissions (kt),2308804.4
2016,CO2 emissions (kt),2195248.5
2015,CO2 emissions (kt),2158023.2
2014,CO2 emissions (kt),2147107
2013,CO2 emissions (kt),1972429.4
2012,CO2 emissions (kt),1909442
2011,CO2 emissions (kt),1756744
2010,CO2 emissions (kt),1659983
2009,CO2 emissions (kt),1564881.1
2008,CO2 emissions (kt),1424383
2007,CO2 emissions (kt),1336737.1
2006,CO2 emissions (kt),1215205.2
2005,CO2 emissions (kt),1136466.4
2004,CO2 emissions (kt),1085666.9
2003,CO2 emissions (kt),1011770.9
2002,CO2 emissions (kt),985453.3
2001,CO2 emissions (kt),953537.3
2000,CO2 emissions (kt),937858.4
1999,CO2 emissions (kt),901325.2
1998,CO2 emissions (kt),836269.9
1997,CO2 emissions (kt),819268.8
1996,CO2 emissions (kt),774070.2
1995,CO2 emissions (kt),737856.4
1994,CO2 emissions (kt),685903
1993,CO2 emissions (kt),651351.1
1992,CO2 emissions (kt),626293.3
1991,CO2 emissions (kt),607224
1990,CO2 emissions (kt),563575.4
2016,CO2 emissions from liquid fuel consumption (kt),648956.324
2015,CO2 emissions from liquid fuel consumption (kt),599316.145
2014,CO2 emissions from liquid fuel consumption (kt),510915.776
2013,CO2 emissions from liquid fuel consumption (kt),461172.921
2012,CO2 emissions from liquid fuel consumption (kt),435357.241
2011,CO2 emissions from liquid fuel consumption (kt),412508.164
2010,CO2 emissions from liquid fuel consumption (kt),414257.323
2009,CO2 emissions from liquid fuel consumption (kt),454836.345
2008,CO2 emissions from liquid fuel consumption (kt),403403.003
2007,CO2 emissions from liquid fuel consumption (kt),335739.519
2006,CO2 emissions from liquid fuel consumption (kt),316902.14
2005,CO2 emissions from liquid fuel consumption (kt),300011.938
2004,CO2 emissions from liquid fuel consumption (kt),296858.318
2003,CO2 emissions from liquid fuel consumption (kt),293851.378
2002,CO2 emissions from liquid fuel consumption (kt),284834.225
2001,CO2 emissions from liquid fuel consumption (kt),298068.428
2000,CO2 emissions from liquid fuel consumption (kt),303752.278
1999,CO2 emissions from liquid fuel consumption (kt),285483.284
1998,CO2 emissions from liquid fuel consumption (kt),263107.25
1997,CO2 emissions from liquid fuel consumption (kt),244401.883
1996,CO2 emissions from liquid fuel consumption (kt),243360.455
1995,CO2 emissions from liquid fuel consumption (kt),216459.343
1994,CO2 emissions from liquid fuel consumption (kt),199118.1
1993,CO2 emissions from liquid fuel consumption (kt),187031.668
1992,CO2 emissions from liquid fuel consumption (kt),188208.775
1991,CO2 emissions from liquid fuel consumption (kt),166558.807
1990,CO2 emissions from liquid fuel consumption (kt),158297.056
1989,CO2 emissions from liquid fuel consumption (kt),150838.378
1988,CO2 emissions from liquid fuel consumption (kt),133724.489
1987,CO2 emissions from liquid fuel consumption (kt),127776.615
1986,CO2 emissions from liquid fuel consumption (kt),121957.086
1985,CO2 emissions from liquid fuel consumption (kt),116856.289
1984,CO2 emissions from liquid fuel consumption (kt),106192.653
1983,CO2 emissions from liquid fuel consumption (kt),99251.022
1982,CO2 emissions from liquid fuel consumption (kt),94483.922
1981,CO2 emissions from liquid fuel consumption (kt),89786.495
1980,CO2 emissions from liquid fuel consumption (kt),83244.567
1979,CO2 emissions from liquid fuel consumption (kt),82731.187
1978,CO2 emissions from liquid fuel consumption (kt),75378.852
1977,CO2 emissions from liquid fuel consumption (kt),68613.237
1976,CO2 emissions from liquid fuel consumption (kt),63490.438
1975,CO2 emissions from liquid fuel consumption (kt),61887.959
1974,CO2 emissions from liquid fuel consumption (kt),60677.849
1973,CO2 emissions from liquid fuel consumption (kt),61799.951
1972,CO2 emissions from liquid fuel consumption (kt),58925.023
1971,CO2 emissions from liquid fuel consumption (kt),55489.044
1970,CO2 emissions from liquid fuel consumption (kt),49372.488
1969,CO2 emissions from liquid fuel consumption (kt),45386.459
1968,CO2 emissions from liquid fuel consumption (kt),42284.177
1967,CO2 emissions from liquid fuel consumption (kt),32724.308
1966,CO2 emissions from liquid fuel consumption (kt),35705.579
1965,CO2 emissions from liquid fuel consumption (kt),30839.47
1964,CO2 emissions from liquid fuel consumption (kt),28144.225
1963,CO2 emissions from liquid fuel consumption (kt),27128.466
1962,CO2 emissions from liquid fuel consumption (kt),24906.264
1961,CO2 emissions from liquid fuel consumption (kt),21327.272
1960,CO2 emissions from liquid fuel consumption (kt),19460.769
2020,CO2 emissions (metric tons per capita),1.576093232
2019,CO2 emissions (metric tons per capita),1.752534366
2018,CO2 emissions (metric tons per capita),1.795595299
2017,CO2 emissions (metric tons per capita),1.704926721
2016,CO2 emissions (metric tons per capita),1.639914019
2015,CO2 emissions (metric tons per capita),1.631323487
2014,CO2 emissions (metric tons per capita),1.642465277
2013,CO2 emissions (metric tons per capita),1.5276744
2012,CO2 emissions (metric tons per capita),1.498204123
2011,CO2 emissions (metric tons per capita),1.396878498
2010,CO2 emissions (metric tons per capita),1.338033835
2009,CO2 emissions (metric tons per capita),1.278873603
2008,CO2 emissions (metric tons per capita),1.180361247
2007,CO2 emissions (metric tons per capita),1.123599482
2006,CO2 emissions (metric tons per capita),1.036533922
2005,CO2 emissions (metric tons per capita),0.984261473
2004,CO2 emissions (metric tons per capita),0.955470157
2003,CO2 emissions (metric tons per capita),0.905456602
2002,CO2 emissions (metric tons per capita),0.897242649
2001,CO2 emissions (metric tons per capita),0.883746998
2000,CO2 emissions (metric tons per capita),0.885077949
1999,CO2 emissions (metric tons per capita),0.866242339
1998,CO2 emissions (metric tons per capita),0.818720963
1997,CO2 emissions (metric tons per capita),0.817360076
1996,CO2 emissions (metric tons per capita),0.787231756
1995,CO2 emissions (metric tons per capita),0.76518964
1994,CO2 emissions (metric tons per capita),0.725622135
1993,CO2 emissions (metric tons per capita),0.703136167
1992,CO2 emissions (metric tons per capita),0.69007405
1991,CO2 emissions (metric tons per capita),0.683086373
1990,CO2 emissions (metric tons per capita),0.647451316
2016,CO2 emissions from solid fuel consumption (kt),1516605.194
2015,CO2 emissions from solid fuel consumption (kt),1488152.941
2014,CO2 emissions from solid fuel consumption (kt),1487808.243
2013,CO2 emissions from solid fuel consumption (kt),1326152.215
2012,CO2 emissions from solid fuel consumption (kt),1363548.281
2011,CO2 emissions from solid fuel consumption (kt),1210839.733
2010,CO2 emissions from solid fuel consumption (kt),1093532.403
2009,CO2 emissions from solid fuel consumption (kt),1088420.605
2008,CO2 emissions from solid fuel consumption (kt),1007497.249
2007,CO2 emissions from solid fuel consumption (kt),931927.713
2006,CO2 emissions from solid fuel consumption (kt),855698.117
2005,CO2 emissions from solid fuel consumption (kt),798071.212
2004,CO2 emissions from solid fuel consumption (kt),741104.367
2003,CO2 emissions from solid fuel consumption (kt),692344.268
2002,CO2 emissions from solid fuel consumption (kt),662153.857
2001,CO2 emissions from solid fuel consumption (kt),643881.196
2000,CO2 emissions from solid fuel consumption (kt),633701.604
1999,CO2 emissions from solid fuel consumption (kt),620042.029
1998,CO2 emissions from solid fuel consumption (kt),579774.702
1997,CO2 emissions from solid fuel consumption (kt),583753.397
1996,CO2 emissions from solid fuel consumption (kt),558066.062
1995,CO2 emissions from solid fuel consumption (kt),521810.433
1994,CO2 emissions from solid fuel consumption (kt),504106.157
1993,CO2 emissions from solid fuel consumption (kt),479108.218
1992,CO2 emissions from solid fuel consumption (kt),455096.702
1991,CO2 emissions from solid fuel consumption (kt),434774.188
1990,CO2 emissions from solid fuel consumption (kt),405430.854
1989,CO2 emissions from solid fuel consumption (kt),375687.817
1988,CO2 emissions from solid fuel consumption (kt),350847.559
1987,CO2 emissions from solid fuel consumption (kt),322846.347
1986,CO2 emissions from solid fuel consumption (kt),302175.468
1985,CO2 emissions from solid fuel consumption (kt),280184.469
1984,CO2 emissions from solid fuel consumption (kt),256073.944
1983,CO2 emissions from solid fuel consumption (kt),257207.047
1982,CO2 emissions from solid fuel consumption (kt),235751.43
1981,CO2 emissions from solid fuel consumption (kt),232634.48
1980,CO2 emissions from solid fuel consumption (kt),218289.176
1979,CO2 emissions from solid fuel consumption (kt),199800.162
1978,CO2 emissions from solid fuel consumption (kt),193236.232
1977,CO2 emissions from solid fuel consumption (kt),196356.849
1976,CO2 emissions from solid fuel consumption (kt),186855.652
1975,CO2 emissions from solid fuel consumption (kt),178465.556
1974,CO2 emissions from solid fuel consumption (kt),161102.311
1973,CO2 emissions from solid fuel consumption (kt),152440.857
1972,CO2 emissions from solid fuel consumption (kt),148641.845
1971,CO2 emissions from solid fuel consumption (kt),140449.767
1970,CO2 emissions from solid fuel consumption (kt),136669.09
1969,CO2 emissions from solid fuel consumption (kt),136463.738
1968,CO2 emissions from solid fuel consumption (kt),136973.451
1967,CO2 emissions from solid fuel consumption (kt),131740.642
1966,CO2 emissions from solid fuel consumption (kt),129404.763
1965,CO2 emissions from solid fuel consumption (kt),128818.043
1964,CO2 emissions from solid fuel consumption (kt),117167.984
1963,CO2 emissions from solid fuel consumption (kt),122144.103
1962,CO2 emissions from solid fuel consumption (kt),114227.05
1961,CO2 emissions from solid fuel consumption (kt),104956.874
1960,CO2 emissions from solid fuel consumption (kt),97208.503
2020,Total greenhouse gas emissions (kt of CO2 equivalent),3200820.626
2019,Total greenhouse gas emissions (kt of CO2 equivalent),3412419.303
2018,Total greenhouse gas emissions (kt of CO2 equivalent),3436071.569
2017,Total greenhouse gas emissions (kt of CO2 equivalent),3269577.732
2016,Total greenhouse gas emissions (kt of CO2 equivalent),3147642.844
2015,Total greenhouse gas emissions (kt of CO2 equivalent),3104049.558
2014,Total greenhouse gas emissions (kt of CO2 equivalent),3083573.891
2013,Total greenhouse gas emissions (kt of CO2 equivalent),2900894.985
2012,Total greenhouse gas emissions (kt of CO2 equivalent),2832703.035
2011,Total greenhouse gas emissions (kt of CO2 equivalent),2681723.455
2010,Total greenhouse gas emissions (kt of CO2 equivalent),2569051.744
2009,Total greenhouse gas emissions (kt of CO2 equivalent),2457277.941
2008,Total greenhouse gas emissions (kt of CO2 equivalent),2310910.823
2007,Total greenhouse gas emissions (kt of CO2 equivalent),2209296.069
2006,Total greenhouse gas emissions (kt of CO2 equivalent),2064473.083
2005,Total greenhouse gas emissions (kt of CO2 equivalent),1966216.303
2004,Total greenhouse gas emissions (kt of CO2 equivalent),1892154.676
2003,Total greenhouse gas emissions (kt of CO2 equivalent),1803992.147
2002,Total greenhouse gas emissions (kt of CO2 equivalent),1762141.225
2001,Total greenhouse gas emissions (kt of CO2 equivalent),1742348.302
2000,Total greenhouse gas emissions (kt of CO2 equivalent),1719664.722
1999,Total greenhouse gas emissions (kt of CO2 equivalent),1680581.157
1998,Total greenhouse gas emissions (kt of CO2 equivalent),1604186.819
1997,Total greenhouse gas emissions (kt of CO2 equivalent),1574518.527
1996,Total greenhouse gas emissions (kt of CO2 equivalent),1514073.876
1995,Total greenhouse gas emissions (kt of CO2 equivalent),1462173.984
1994,Total greenhouse gas emissions (kt of CO2 equivalent),1395751.177
1993,Total greenhouse gas emissions (kt of CO2 equivalent),1350479.311
1992,Total greenhouse gas emissions (kt of CO2 equivalent),1317324.226
1991,Total greenhouse gas emissions (kt of CO2 equivalent),1292414.844
1990,Total greenhouse gas emissions (kt of CO2 equivalent),1237962.799
2010,HFC gas emissions (thousand metric tons of CO2 equivalent),13425
2008,HFC gas emissions (thousand metric tons of CO2 equivalent),13553.7
2005,HFC gas emissions (thousand metric tons of CO2 equivalent),9845.2
2000,HFC gas emissions (thousand metric tons of CO2 equivalent),8107.2
1990,HFC gas emissions (thousand metric tons of CO2 equivalent),1702.1
2020,Methane emissions (kt of CO2 equivalent),697654.6707
2019,Methane emissions (kt of CO2 equivalent),696431.7852
2018,Methane emissions (kt of CO2 equivalent),695493.5672
2017,Methane emissions (kt of CO2 equivalent),686785.3417
2016,Methane emissions (kt of CO2 equivalent),684445.8012
2015,Methane emissions (kt of CO2 equivalent),678829.1432
2014,Methane emissions (kt of CO2 equivalent),674057.7366
2013,Methane emissions (kt of CO2 equivalent),669582.0974
2012,Methane emissions (kt of CO2 equivalent),665447.8733
2011,Methane emissions (kt of CO2 equivalent),666187.7766
2010,Methane emissions (kt of CO2 equivalent),658933.4275
2009,Methane emissions (kt of CO2 equivalent),651518.635
2008,Methane emissions (kt of CO2 equivalent),651240.1975
2007,Methane emissions (kt of CO2 equivalent),642567.15
2006,Methane emissions (kt of CO2 equivalent),629406.715
2005,Methane emissions (kt of CO2 equivalent),620079.605
2004,Methane emissions (kt of CO2 equivalent),606634.45
2003,Methane emissions (kt of CO2 equivalent),599191.17
2002,Methane emissions (kt of CO2 equivalent),591021.88
2001,Methane emissions (kt of CO2 equivalent),597332.605
2000,Methane emissions (kt of CO2 equivalent),594662.7625
1999,Methane emissions (kt of CO2 equivalent),589663.7275
1998,Methane emissions (kt of CO2 equivalent),582210.4
1997,Methane emissions (kt of CO2 equivalent),574291.5675
1996,Methane emissions (kt of CO2 equivalent),565094.8625
1995,Methane emissions (kt of CO2 equivalent),555229.73
1994,Methane emissions (kt of CO2 equivalent),544615.5375
1993,Methane emissions (kt of CO2 equivalent),539941.7361
1992,Methane emissions (kt of CO2 equivalent),535736.2773
1991,Methane emissions (kt of CO2 equivalent),534386.7109
1990,Methane emissions (kt of CO2 equivalent),528077.742
2020,Nitrous oxide emissions (thousand metric tons of CO2 equivalent),279003.7915
2019,Nitrous oxide emissions (thousand metric tons of CO2 equivalent),270295.0167
2018,Nitrous oxide emissions (thousand metric tons of CO2 equivalent),262245.7637
2017,Nitrous oxide emissions (thousand metric tons of CO2 equivalent),255416.4139
2016,Nitrous oxide emissions (thousand metric tons of CO2 equivalent),250961.7297
2015,Nitrous oxide emissions (thousand metric tons of CO2 equivalent),251795.1637
2014,Nitrous oxide emissions (thousand metric tons of CO2 equivalent),247787.4961
2013,Nitrous oxide emissions (thousand metric tons of CO2 equivalent),245042.2217
2012,Nitrous oxide emissions (thousand metric tons of CO2 equivalent),244752.2886
2011,Nitrous oxide emissions (thousand metric tons of CO2 equivalent),246511.1986
2010,Nitrous oxide emissions (thousand metric tons of CO2 equivalent),238635.2294
2009,Nitrous oxide emissions (thousand metric tons of CO2 equivalent),229988.777
2008,Nitrous oxide emissions (thousand metric tons of CO2 equivalent),225008.8538
2007,Nitrous oxide emissions (thousand metric tons of CO2 equivalent),220323.7052
2006,Nitrous oxide emissions (thousand metric tons of CO2 equivalent),210803.7126
2005,Nitrous oxide emissions (thousand metric tons of CO2 equivalent),201223.5008
2004,Nitrous oxide emissions (thousand metric tons of CO2 equivalent),191581.9456
2003,Nitrous oxide emissions (thousand metric tons of CO2 equivalent),184934.1134
2002,Nitrous oxide emissions (thousand metric tons of CO2 equivalent),177745.4976
2001,Nitrous oxide emissions (thousand metric tons of CO2 equivalent),183733.2662
2000,Nitrous oxide emissions (thousand metric tons of CO2 equivalent),179573.8452
1999,Nitrous oxide emissions (thousand metric tons of CO2 equivalent),182864.6807
1998,Nitrous oxide emissions (thousand metric tons of CO2 equivalent),179821.1359
1997,Nitrous oxide emissions (thousand metric tons of CO2 equivalent),175914.9424
1996,Nitrous oxide emissions (thousand metric tons of CO2 equivalent),170707.7617
1995,Nitrous oxide emissions (thousand metric tons of CO2 equivalent),165728.9679
1994,Nitrous oxide emissions (thousand metric tons of CO2 equivalent),162217.287
1993,Nitrous oxide emissions (thousand metric tons of CO2 equivalent),156514.6559
1992,Nitrous oxide emissions (thousand metric tons of CO2 equivalent),152966.3629
1991,Nitrous oxide emissions (thousand metric tons of CO2 equivalent),148819.3808
1990,Nitrous oxide emissions (thousand metric tons of CO2 equivalent),144668.4392
2020,"Annual freshwater withdrawals, total (billion cubic meters)",647.5
2019,"Annual freshwater withdrawals, total (billion cubic meters)",647.5
2018,"Annual freshwater withdrawals, total (billion cubic meters)",647.5
2017,"Annual freshwater withdrawals, total (billion cubic meters)",647.5
2016,"Annual freshwater withdrawals, total (billion cubic meters)",647.5
2015,"Annual freshwater withdrawals, total (billion cubic meters)",647.5
2014,"Annual freshwater withdrawals, total (billion cubic meters)",647.5
2013,"Annual freshwater withdrawals, total (billion cubic meters)",647.5
2012,"Annual freshwater withdrawals, total (billion cubic meters)",647.5
2011,"Annual freshwater withdrawals, total (billion cubic meters)",647.5
2010,"Annual freshwater withdrawals, total (billion cubic meters)",647.5
2009,"Annual freshwater withdrawals, total (billion cubic meters)",643.78995
2008,"Annual freshwater withdrawals, total (billion cubic meters)",640.0799
2007,"Annual freshwater withdrawals, total (billion cubic meters)",636.36985
2006,"Annual freshwater withdrawals, total (billion cubic meters)",632.6598
2005,"Annual freshwater withdrawals, total (billion cubic meters)",628.94975
2004,"Annual freshwater withdrawals, total (billion cubic meters)",625.2397
2003,"Annual freshwater withdrawals, total (billion cubic meters)",655.57947
2002,"Annual freshwater withdrawals, total (billion cubic meters)",640.51948
2001,"Annual freshwater withdrawals, total (billion cubic meters)",625.45949
2000,"Annual freshwater withdrawals, total (billion cubic meters)",610.3995
1999,"Annual freshwater withdrawals, total (billion cubic meters)",599.35955
1998,"Annual freshwater withdrawals, total (billion cubic meters)",588.3195
1997,"Annual freshwater withdrawals, total (billion cubic meters)",577.2795
1996,"Annual freshwater withdrawals, total (billion cubic meters)",566.2397
1995,"Annual freshwater withdrawals, total (billion cubic meters)",555.19975
1994,"Annual freshwater withdrawals, total (billion cubic meters)",544.1598
1993,"Annual freshwater withdrawals, total (billion cubic meters)",533.11985
1992,"Annual freshwater withdrawals, total (billion cubic meters)",522.0799
1991,"Annual freshwater withdrawals, total (billion cubic meters)",511.03995
1990,"Annual freshwater withdrawals, total (billion cubic meters)",500
1989,"Annual freshwater withdrawals, total (billion cubic meters)",499.34
1988,"Annual freshwater withdrawals, total (billion cubic meters)",498.68
1987,"Annual freshwater withdrawals, total (billion cubic meters)",498.02
1986,"Annual freshwater withdrawals, total (billion cubic meters)",497.36
1985,"Annual freshwater withdrawals, total (billion cubic meters)",496.7
1984,"Annual freshwater withdrawals, total (billion cubic meters)",485.03
1983,"Annual freshwater withdrawals, total (billion cubic meters)",473.36
1982,"Annual freshwater withdrawals, total (billion cubic meters)",461.69
1981,"Annual freshwater withdrawals, total (billion cubic meters)",450.02
1980,"Annual freshwater withdrawals, total (billion cubic meters)",438.35
1979,"Annual freshwater withdrawals, total (billion cubic meters)",426.68
1978,"Annual freshwater withdrawals, total (billion cubic meters)",415.01
1977,"Annual freshwater withdrawals, total (billion cubic meters)",403.34
1976,"Annual freshwater withdrawals, total (billion cubic meters)",391.67
1975,"Annual freshwater withdrawals, total (billion cubic meters)",380
2022,"Population, total",1417173173
2021,"Population, total",1407563842
2020,"Population, total",1396387127
2019,"Population, total",1383112050
2018,"Population, total",1369003306
2017,"Population, total",1354195680
2016,"Population, total",1338636340
2015,"Population, total",1322866505
2014,"Population, total",1307246509
2013,"Population, total",1291132063
2012,"Population, total",1274487215
2011,"Population, total",1257621191
2010,"Population, total",1240613620
2009,"Population, total",1223640160
2008,"Population, total",1206734806
2007,"Population, total",1189691809
2006,"Population, total",1172373788
2005,"Population, total",1154638713
2004,"Population, total",1136264583
2003,"Population, total",1117415123
2002,"Population, total",1098313039
2001,"Population, total",1078970907
2000,"Population, total",1059633675
1999,"Population, total",1040500054
1998,"Population, total",1021434576
1997,"Population, total",1002335230
1996,"Population, total",983281218
1995,"Population, total",964279129
1994,"Population, total",945261958
1993,"Population, total",926351297
1992,"Population, total",907574049
1991,"Population, total",888941756
1990,"Population, total",870452165
1989,"Population, total",852012673
1988,"Population, total",833729681
1987,"Population, total",815716125
1986,"Population, total",797878993
1985,"Population, total",780242084
1984,"Population, total",762895156
1983,"Population, total",745826546
1982,"Population, total",729169466
1981,"Population, total",712869298
1980,"Population, total",696828385
1979,"Population, total",681248383
1978,"Population, total",666267760
1977,"Population, total",651685628
1976,"Population, total",637451448
1975,"Population, total",623524219
1974,"Population, total",609721951
1973,"Population, total",596107483
1972,"Population, total",582837973
1971,"Population, total",569999178
1970,"Population, total",557501301
1969,"Population, total",545314670
1968,"Population, total",533431909
1967,"Population, total",521987069
1966,"Population, total",510992617
1965,"Population, total",500114346
1964,"Population, total",489059309
1963,"Population, total",477933619
1962,"Population, total",467024193
1961,"Population, total",456351876
1960,"Population, total",445954579
2022,Urban population,508368361
2021,Urban population,498179071
2020,Urban population,487702168
2019,Urban population,476786386
2018,Urban population,465871825
2017,Urban population,455009748
2016,Urban population,444186310
2015,Urban population,433595954
2014,Urban population,423338709
2013,Urban population,413200994
2012,Urban population,403171286
2011,Urban population,393333604
2010,Urban population,383721793
2009,Urban population,374274816
2008,Urban population,364989009
2007,Urban population,355789232
2006,Urban population,346659205
2005,Urban population,337558628
2004,Urban population,328414552
2003,Urban population,319267849
2002,Urban population,310207535
2001,Urban population,301227098
2000,Urban population,293168849
1999,Urban population,285648480
1998,Urban population,278238779
1997,Urban population,270911166
1996,Urban population,263686524
1995,Urban population,256565748
1994,Urban population,249539704
1993,Urban population,242620668
1992,Urban population,235824041
1991,Urban population,229151406
1990,Urban population,222374415
1989,Urban population,215601807
1988,Urban population,208957670
1987,Urban population,202485214
1986,Urban population,196158550
1985,Urban population,189973343
1984,Urban population,183956909
1983,Urban population,178095921
1982,Urban population,172426704
1981,Urban population,166932604
1980,Urban population,160953420
1979,Urban population,154888632
1978,Urban population,149104062
1977,Urban population,143540276
1976,Urban population,138180350
1975,Urban population,133010186
1974,Urban population,127986735
1973,Urban population,123114078
1972,Urban population,118438504
1971,Urban population,113948536
1970,Urban population,110162257
1969,Urban population,106674456
1968,Urban population,103304423
1967,Urban population,100070141
1966,Urban population,96971069
1965,Urban population,93946480
1964,Urban population,90940579
1963,Urban population,87963683
1962,Urban population,85082467
1961,Urban population,82289370
1960,Urban population,79932899
